FECHA,positivos,nue_posi,conf_lab,conf_nexo,muj_posi,hom_posi,extranj_posi,costar_posi,investig_posi,adul_posi,am_posi,menor_posi,eda_ignor_posi,edmin_posi,edmax_posi,promedio_posi,descartados,nue_descar,fallecidos,nue_falleci,muj_fall,hom_fall,emin_fall,emax_fall,promedio_fall,adul_fall,am_fall,menor_fall,hospital,nue_hospi,salon,nue_salon,UCI,nue_UCI,emin_UCI,emax_UCI,promedio_UCI,RECUPERADOS,NUE_RECUP,MUJ_RECUP,HOM_RECUP,ADUL_RECUP,AM_RECUP,MENOR_RECUP,EDA_IGNO_RECUP,PROMEDIO_RECUP,EDMIN_RECUP,EDMAX_RECUP,Muestras,MUEST_NEW,DIA_COVID19,afec_posi,afec_recu,afec_fall,activos,nue_acti,muj_acti,hom_acti,adul_acti,am_acti,menor_acti,eda_igno_acti,edmin_acti,edmax_acti,promedio_acti,letalidad,por_recup,por_activ,transpor,HSJD_UCI,HSJD_SALON,CEACO_UCI,CEACO_SALON,HCG_UCI,HCG_SALON,HMEX_UCI,HMEX_SALON,HNN_UCI,HNN_SALON,HEB_UCI,HEB_SALON,HTF_UCI,HTF_SALON,HLA_UCI,HLA_SALON,HNPSI_UCI,HNPSI_SALON,HSRA_UCI,HSRA_SALON,HDGR_UCI,HDGR_SALON,HDSC_UCI,HDSC_SALON,HUP_UCI,HUP_SALON,HMT_UCI,HMT_SALON,HNEI_UCI,HNEI_SALON,HCHI_UCI ,HCHI_SALON,HMUJ_UCI,HMUJ_SALON,HTUR_UCI,HTUR_SALON,HGOL_UCI,HGOL_SALON,HFEP_UCI,HFEP_SALON,HOSA_UCI,HOSA_SALON,HCAR_UCI,HCAR_SALON,INS_UCI,INS_SALON,HGUA_UCI,HGUA_SALON,HCIMA_UCI,HCIMA_SALON,HBIB_UCI,HBIB_SALON,HRAM_UCI,HRAM_SALON,HMSAN_UCI,HMSAN_SALON,HNGG_UCI,HNGG_SALON,HSVP_UCI,HSVP_SALON,HCAT_UCI,HCAT_SALON,CEACOINS_UCI,CEACOINS_SALON,PAUT_UCI,PAUT_SALON
26/06/2020,2836,152,,,1253,1583,763,2073,0,2186,136,438,76,0,94,34.3,26866,535,12,0,3,9,26,87,65.2,5,7,0,36,7,30,7,6,0,43,78,58.6,1280,53,602,673,1067,57,145,11,35.1,0,92,38500,855,112,79,75,9,1544,99,648,896,1114,72,293,65,0,33,94,0.42,45.13,54.44,,2,3,0,22,3,1,1,2,0,0,0,2,,,,,,,,,,,,,,,,,,,,,,,,,,,,,,,,,,,,,,,,,,,,,,,,,,,,,,
27/06/2020,2979,143,,,1313,1666,793,2182,4,2326,140,442,71,0,94,34.3,27613,747,13,1,4,9,26,87,67.9,5,8,0,36,3,31,3,5,-1,43,61,57.2,1325,45,620,705,1102,60,152,11,35.2,0,92,39460,960,113,79,75,10,1641,97,689,952,1219,72,290,60,0,34.1,94,0.44,44.48,55.09,,2,4,0,23,2,1,1,2,0,0,0,1,,,,,,,,,,,,,,,,,,,,,,,,,,,,,,,,,,,,,,,,,,,,,,,,,,,,,,
28/06/2020,3130,151,,,1371,1759,850,2280,0,2428,150,471,81,0,94,34.3,28205,592,15,2,6,9,26,87,67.8,6,9,0,37,4,34,4,3,-2,43,56,58.8,1366,41,637,729,1128,61,166,11,34.9,0,92,40319,859,114,79,75,12,1749,108,728,1021,1294,80,305,70,0,33.3,94,0.48,43.64,55.88,,1,6,0,24,2,1,0,1,0,0,0,2,,,,,,,,,,,,,,,,,,,,,,,,,,,,,,,,,,,,,,,,,,,,,,,,,,,,,,
29/06/2020,3269,139,,,1425,1844,899,2370,0,2546,159,481,83,0,94,34.4,28757,552,15,0,6,9,26,87,67.8,6,9,0,40,3,36,2,4,1,43,68,56.7,1394,28,646,748,1147,62,174,11,34.8,0,92,41077,758,115,79,75,12,1860,111,773,1087,1393,88,307,72,0,33.5,94,0.46,42.64,56.90,,1,7,0,26,2,1,1,1,0,0,0,1,,,,,,,,,,,,,,,,,,,,,,,,,,,,,,,,,,,,,,,,,,,,,,,,,,,,,,
30/06/2020,3459,190,,,1503,1956,966,2493,0,2697,167,512,83,0,94,34.4,29161,404,16,1,7,9,26,89,69.2,6,10,0,44,9,39,9,5,1,43,76,56.2,1436,42,663,773,1180,64,181,11,34.7,0,92,41680,603,116,79,75,12,2007,147,833,1174,1511,93,331,72,0,33.9,94,0.46,41.51,58.02,,2,5,0,30,2,1,1,2,0,0,0,1,,,,,,,,,,,,,,,,,,,,,,,,,,,,,,,,,,,,,,,,,,,,,,,,,,,,,,
01/07/2020,3753,294,,,1624,2129,1085,2668,0,2942,182,540,89,0,96,34.5,29720,559,16,0,7,9,26,89,69.2,6,10,0,44,13,50,11,6,1,38,76,54.3,1516,80,698,818,1231,68,199,18,34.4,0,92,42589,909,117,79,76,12,2221,214,919,1302,1705,104,341,71,0,34.6,96,0.43,40.39,59.18,,1,8,0,39,3,0,2,3,0,0,0,0,,,,,,,,,,,,,,,,,,,,,,,,,,,,,,,,,,,,,,,,,,,,,,,,,,,,,,
02/07/2020,4023,270,,,1721,2302,1175,2848,0,3162,191,580,90,0,96,34.4,30709,989,17,1,8,9,26,89,69.2,6,11,0,60,10,54,10,6,0,38,76,53.5,1589,73,713,876,1262,68,210,49,34.2,0,92,43865,1276,118,79,76,12,2417,196,1000,1417,1894,112,370,41,0,34.3,96,0.42,39.50,60.08,,1,5,0,43,3,0,2,5,0,0,0,0,0,0,,,,,,,,,,,,,,,,,,,,,,,,,,,,,,,,,,,,,,,,,,,,,,,,,,,,
03/07/2020,4311,288,,,1846,2465,1250,3061,0,3398,207,616,90,0,96,34.5,31354,645,18,1,9,9,26,89,67.5,7,11,0,73,13,63,14,10,4,40,76,54.7,1657,68,752,905,1312,72,224,49,34.3,0,94,44917,1052,119,79,76,12,2636,219,1085,1551,2079,124,392,41,0,34.5,96,0.42,38.44,61.15,,3,4,0,52,5,3,2,1,0,0,0,1,0,1,0,1,,,,,,,,,,,,,,,,,,,,,,,,,,,,,,,,,,,,,,,,,,,,,,,,,,
04/07/2020,4621,310,,,1946,2675,1346,3275,0,3652,220,662,87,0,96,34.4,32042,688,18,0,9,9,26,89,67.5,7,11,0,73,10,63,10,10,0,40,76,55.1,1721,64,779,942,1356,75,241,49,34.3,0,94,45945,1028,120,79,77,12,2882,246,1158,1724,2289,134,421,38,0,34.3,96,0.39,37.24,62.37,,3,5,0,50,5,0,2,4,0,0,0,2,0,1,0,0,0,1,,,,,,,,,,,,,,,,,,,,,,,,,,,,,,,,,,,,,,,,,,,,,,,,
05/07/2020,4996,375,,,2116,2880,1453,3543,0,3946,233,730,87,0,96,34.3,32864,822,19,1,9,10,26,89,67.5,8,11,0,77,12,67,12,10,0,40,76,57.6,1745,24,792,953,1374,76,246,49,34.3,0,94,47160,1215,121,79,77,12,3232,350,1315,1917,2564,146,484,38,0,34.3,96,0.38,34.93,64.69,,3,8,0,52,5,1,2,4,0,1,0,0,0,0,0,0,0,1,,,,,,,,,,,,,,,,,,,,,,,,,,,,,,,,,,,,,,,,,,,,,,,,
06/07/2020,5241,245,,,2230,3011,1536,3705,0,4142,245,765,89,0,96,34.3,33619,755,23,4,10,13,26,92,63.3,10,13,0,88,11,79,14,9,-1,40,76,56,1766,21,801,965,1388,76,252,50,34.2,0,94,48487,1021,122,79,77,15,3452,220,1419,2033,2744,156,513,39,0,34.2,96,0.44,33.70,65.87,,3,11,0,60,4,1,2,4,0,1,0,0,0,0,0,0,0,1,0,1,,,,,,,,,,,,,,,,,,,,,,,,,,,,,,,,,,,,,,,,,,,,,,
07/07/2020,5486,245,,,2339,3147,1603,3883,0,4351,262,784,89,0,96,34.5,34596,977,23,0,10,13,26,92,63.3,10,13,0,107,19,96,12,11,2,40,76,55.9,1810,44,822,988,1426,78,255,51,34.2,0,94,49717,1230,123,79,78,15,3653,201,1507,2146,2915,171,529,38,0,34.5,96,0.42,32.99,66.59,,4,15,0,71,4,2,3,4,0,1,0,0,0,0,0,0,0,1,0,0,0,1,0,1,,,,,,,,,,,,,,,,,,,,,,,,,,,,,,,,,,,,,,,,,,
08/07/2020,5836,350,,,2476,3360,1706,4130,0,4661,276,807,92,0,96,34.7,35374,778,24,1,10,14,26,92,67.1,11,13,0,113,6,102,11,11,0,49,76,51.9,1929,119,871,1058,1517,81,278,53,34.1,0,94,50852,1135,124,79,79,15,3883,230,1595,2288,3133,182,529,39,0,34.9,96,0.41,33.05,66.54,,4,19,0,73,5,1,2,4,0,1,0,0,0,0,0,1,0,1,0,0,0,1,0,1,,,,,,,,,,,,,,,,,,,,,,,,,,,,,,,,,,,,,,,,,,
09/07/2020,6485,649,,,2769,3716,1888,4597,0,5214,306,873,92,0,96,34.9,36475,1101,25,1,10,15,26,92,67.6,11,14,0,120,7,106,14,14,3,43,82,55.6,2023,94,908,1115,1585,85,299,54,34,0,95,52775,1923,125,79,79,16,4437,554,1851,2586,3618,207,574,38,0,34.9,96,0.39,31.20,68.42,,7,24,0,73,5,0,2,6,0,1,0,0,0,0,0,0,0,1,0,1,0,0,0,0,,,,,,,,,,,,,,,,,,,,,,,,,,,,,,,,,,,,,,,,,,
10/07/2020,6845,360,,,2936,3909,1982,4863,0,5522,319,917,87,0,96,35,37482,1007,26,1,11,15,26,92,68.5,11,15,0,128,8,111,5,17,3,43,78,55,2110,87,941,1169,1643,90,319,58,33.9,0,94,54191,1416,126,80,79,17,4709,272,1984,2725,3868,214,598,29,0,35.3,96,0.38,30.83,68.79,,8,30,0,64,5,0,4,11,0,1,0,2,0,0,0,0,0,1,0,0,0,0,0,0,0,1,0,1,,,,,,,,,,,,,,,,,,,,,,,,,,,,,,,,,,,,,,
11/07/2020,7231,386,,,3105,4126,2122,5109,0,5846,342,953,90,0,96,35.1,38691,1092,28,2,12,16,26,92,66.5,13,15,0,132,11,110,5,22,5,24,82,55.2,2220,110,988,1232,1730,96,335,59,33.9,0,94,55982,1791,127,80,79,18,4983,274,2105,2878,4103,231,618,31,0,35.4,96,0.39,30.70,68.91,,12,25,0,67,5,0,4,12,0,1,1,2,0,0,0,0,0,2,0,0,0,0,0,0,0,0,0,1,,,,,,,,,,,,,,,,,,,,,,,,,,,,,,,,,,,,,,
12/07/2020,7596,365,,,3273,4323,2243,5353,0,6153,359,995,89,0,96,35.2,40118,1427,30,2,12,18,26,92,65.3,15,15,0,140,18,113,15,27,5,0,82,54.5,2239,19,994,1245,1746,97,336,60,33.9,0,94,57745,1763,128,80,79,18,5327,344,2267,3060,4392,247,659,29,0,35.5,96,0.39,29.48,70.13,,12,27,0,66,8,0,4,14,2,1,1,3,0,0,0,0,0,1,0,0,0,0,0,0,0,0,0,1,,,,,,,,,,,,,,,,,,,,,,,,,,,,,,,,,,,,,,
13/07/2020,8036,440,,,3458,4578,2370,5666,0,6522,391,1033,90,0,96,35.3,41529,1549,31,1,12,19,26,92,64.6,16,15,0,161,23,131,18,30,3,0,82,54.3,2304,65,1018,1286,1795,104,345,60,34,0,94,59749,2004,129,80,79,18,5701,374,2428,3273,4711,272,688,30,0,35.6,96,0.39,28.67,70.94,,12,22,0,82,9,0,6,18,2,2,1,4,0,0,0,0,0,1,0,0,0,0,0,0,0,0,0,1,0,1,,,,,,,,,,,,,,,,,,,,,,,,,,,,,,,,,,,,
14/07/2020,8482,446,,,3661,4821,2517,5965,0,6882,427,1080,93,0,99,35.5,42518,989,36,5,15,21,26,94,64.7,17,19,0,171,32,144,31,27,-3,0,82,55.7,2441,137,1081,1360,1888,111,379,63,33.9,0,94,61216,1467,130,81,79,19,6005,304,2565,3440,4977,297,701,30,0,35.9,99,0.42,28.78,70.80,,12,27,0,81,7,7,6,17,2,2,0,5,0,0,0,0,0,1,0,0,0,0,0,0,0,0,0,0,0,1,0,1,0,1,0,1,,,,,,,,,,,,,,,,,,,,,,,,,,,,,,
15/07/2020,8986,504,,,3886,5100,2661,6325,0,7290,447,1155,94,0,99,35.5,43348,830,40,4,16,24,26,94,65.4,18,22,0,188,29,157,28,31,4,0,78,54.4,2551,110,1126,1425,1985,115,388,63,33.9,0,94,62558,1342,131,81,79,19,6395,390,2743,3652,5286,311,767,31,0,35.9,99,0.45,28.39,71.17,,12,38,0,79,10,8,6,17,2,5,1,4,0,0,0,0,0,1,0,0,0,0,0,0,0,0,0,0,0,2,0,0,0,1,0,1,0,1,,,,,,,,,,,,,,,,,,,,,,,,,,,,
16/07/2020,9546,560,,,4126,5420,2796,6750,0,7766,483,1200,97,0,99,35.7,44350,1002,42,2,17,25,26,94,66,19,23,0,207,39,172,34,35,4,0,78,55.8,2673,122,1174,1499,2088,120,402,63,34,0,94,64150,1592,132,81,79,21,6831,436,2935,3896,5659,340,798,34,0,35.5,99,0.44,28.00,71.56,,14,53,0,74,10,13,7,17,2,4,2,4,0,0,0,0,0,2,0,2,0,0,0,0,0,0,0,0,0,1,0,0,0,0,0,1,0,1,,,,,,,,,,,,,,,,,,,,,,,,,,,,
17/07/2020,9969,423,,,4324,5643,2920,7049,0,8111,512,1246,100,0,99,35.7,45495,1145,47,5,19,28,23,94,65.8,22,25,0,211,19,173,17,38,3,6,83,56.5,2818,145,1235,1583,2204,123,427,64,34.1,0,94,65819,1669,133,81,79,23,7104,273,3072,4032,5886,363,819,36,0,36.2,99,0.47,28.27,71.26,,16,52,0,78,9,13,9,18,1,5,3,3,0,0,0,0,0,2,0,0,0,0,0,0,0,0,0,0,0,1,0,0,0,0,0,1,0,0,,,,,,,,,,,,,,,,,,,,,,,,,,,,
18/07/2020,10551,582,,,4606,5945,3075,7476,0,8583,551,1315,102,0,99,35.9,46029,534,54,7,22,32,23,94,66.1,24,30,0,225,36,184,31,41,5,38,78,56,2902,84,1269,1633,2270,126,442,64,34,0,94,67077,1258,134,81,79,26,7595,491,3315,4280,6289,395,873,38,0,36.3,99,0.51,27.50,71.98,,12,53,0,77,15,11,11,26,0,7,3,2,0,0,0,0,0,2,0,1,0,0,0,0,0,0,0,0,0,2,0,1,0,0,0,1,0,0,0,1,,,,,,,,,,,,,,,,,,,,,,,,,,
19/07/2020,11114,563,,,4856,6258,3210,7904,0,9041,590,1377,106,0,99,35.9,46990,961,62,8,25,37,23,94,64.6,29,33,0,241,32,197,31,44,3,38,83,56.8,2966,64,1298,1668,2319,130,453,64,34,0,94,68755,1678,135,81,79,26,8086,491,3533,4553,6693,427,924,42,0,36.3,99,0.56,26.69,72.76,,11,62,0,79,20,10,10,30,0,7,3,2,0,0,0,0,0,2,0,1,0,0,0,0,0,0,0,0,0,0,0,2,0,0,0,1,0,0,0,1,,,,,,,,,,,,,,,,,,,,,,,,,,
20/07/2020,11534,420,,,5060,6474,3346,8188,0,9382,628,1417,107,0,99,35.9,47687,697,66,4,26,40,23,94,65.2,30,36,0,259,22,212,31,47,3,35,83,56.7,3019,53,1320,1699,2360,134,461,64,34,0,96,69947,1192,136,81,79,27,8449,363,3714,4735,6992,458,956,43,0,36.4,99,0.57,26.17,73.25,,12,53,0,79,22,19,10,43,0,7,3,2,0,0,0,0,0,2,0,3,0,0,0,0,0,0,0,0,0,0,0,1,0,0,0,1,0,0,0,1,0,1,,,,,,,,,,,,,,,,,,,,,,,,
21/07/2020,11811,277,,,5194,6617,3411,8400,0,9615,646,1442,108,0,99,36,48514,827,68,2,26,42,23,94,65.3,31,37,0,272,30,223,29,49,2,35,83,57,3194,175,1397,1797,2504,140,486,64,34.1,0,96,71150,1203,137,81,79,27,8549,100,3771,4778,7080,469,956,44,0,36.6,99,0.58,27.04,72.38,,15,59,0,85,22,18,9,47,0,7,3,1,0,0,0,0,0,2,0,2,0,1,0,0,0,0,0,0,0,0,0,0,0,0,0,1,0,0,0,0,0,0,,,,,,,,,,,,,,,,,,,,,,,,
22/07/2020,12361,550,,,5471,6890,3549,8812,0,10066,690,1496,109,0,99,36.1,49192,678,71,3,27,44,23,94,65.2,33,38,0,285,39,235,38,50,1,26,83,57.1,3322,128,1462,1860,2611,143,504,64,34.1,0,96,72397,1247,138,81,79,27,8968,419,3982,4986,7422,509,992,45,0,36.6,99,0.57,26.87,72.55,,15,63,0,85,23,17,11,53,0,7,1,3,0,1,0,0,0,2,0,1,0,1,0,0,0,0,0,0,0,0,0,0,0,0,0,0,0,0,0,0,0,1,0,1,,,,,,,,,,,,,,,,,,,,,,
23/07/2020,13129,768,,,5875,7254,3747,9382,0,10694,742,1581,112,0,99,36.2,50253,1061,80,9,27,53,23,94,65.6,36,44,0,290,28,247,27,43,-7,26,83,57.5,3448,126,1520,1928,2725,147,512,64,34.2,0,96,74375,1978,139,81,79,28,9601,633,4328,5273,7933,551,1069,48,0,36.6,99,0.61,26.26,73.13,,12,64,0,70,22,20,8,58,0,7,1,2,0,1,0,0,0,3,0,0,0,1,0,0,0,0,0,0,0,0,0,0,0,0,0,0,0,0,0,0,0,1,0,0,0,20,,,,,,,,,,,,,,,,,,,,
24/07/2020,13669,540,,,6142,7527,3891,9778,0,11144,789,1623,113,0,99,36.2,51223,970,87,7,30,57,23,99,66.5,38,49,0,298,35,249,31,49,6,26,79,58,3505,57,1547,1958,2769,151,520,65,34.2,0,96,76053,1678,140,81,79,31,10077,476,4565,5512,8337,589,1103,48,0,36.6,99,0.64,25.64,73.72,,14,61,0,70,24,28,11,59,0,6,0,2,0,0,0,0,0,4,0,0,0,1,0,0,0,0,0,0,0,0,0,0,0,0,0,0,0,0,0,0,0,1,0,0,0,17,,,,,,,,,,,,,,,,,,,,
25/07/2020,14600,931,,,6594,8006,4134,10466,0,11890,856,1738,116,0,99,36.3,52134,911,98,11,35,63,23,99,67.6,40,58,0,293,35,242,35,51,2,24,88,58,3640,135,1602,2038,2889,156,529,66,34.3,0,96,77958,1905,141,81,79,33,10862,785,4957,5905,8961,642,1209,50,0,36.7,99,0.67,24.93,74.40,,14,51,0,73,27,29,10,59,0,6,0,2,0,0,0,0,0,4,0,0,0,1,0,0,0,0,0,0,0,0,0,0,0,0,0,0,0,0,0,0,0,0,0,0,0,17,,,,,,,,,,,,,,,,,,,,
26/07/2020,15229,629,,,6913,8316,4316,10913,0,12400,914,1794,121,0,100,36.4,53069,935,104,6,38,66,23,99,68,41,63,0,310,37,254,32,56,5,0,79,59,3736,96,1649,2087,2976,158,535,67,34.3,0,96,79544,1586,142,81,79,34,11389,527,5226,6163,9383,693,1259,54,0,36.8,100,0.68,24.53,74.78,,15,51,0,83,28,34,12,56,1,5,0,2,0,0,0,0,0,4,0,0,0,1,0,0,0,0,0,0,0,0,0,0,0,0,0,0,0,0,0,0,0,0,0,0,0,17,0,1,,,,,,,,,,,,,,,,,,
27/07/2020,15841,612,,,7219,8622,4464,11377,0,12905,959,1856,121,0,100,36.5,54158,1089,115,11,42,73,23,99,68.6,44,71,0,323,21,267,20,56,1,0,79,59,3824,88,1689,2135,3048,162,547,67,34.3,0,96,81266,1722,143,81,79,36,11902,513,5488,6414,9813,726,1309,54,0,36.8,100,0.73,24.14,75.13,,15,53,0,83,27,38,13,64,1,5,0,2,0,0,0,0,0,4,0,0,0,1,0,0,0,0,0,0,0,0,0,0,0,0,0,0,0,0,0,0,0,0,0,0,0,16,0,1,,,,,,,,,,,,,,,,,,
28/07/2020,16344,503,,,7458,8886,4561,11783,0,13325,985,1907,127,0,100,36.4,55156,998,125,10,47,78,23,99,69,46,79,0,323,19,270,18,53,1,0,79,59,3920,96,1723,2197,3126,167,559,68,34.4,0,96,82855,1589,144,81,79,34,12299,397,5688,6611,10153,739,1348,59,0,36.8,100,0.76,23.98,75.25,,14,57,0,86,26,36,12,66,1,6,0,1,0,0,0,0,0,4,0,0,0,0,0,0,0,0,0,0,0,0,0,0,0,0,0,0,0,1,0,0,0,0,0,1,0,12,0,0,,,,,,,,,,,,,,,,,,
29/07/2020,16800,456,,,7665,9135,4664,12136,0,13689,1039,1940,132,0,100,36.6,56356,1200,133,8,50,83,23,99,69.5,47,86,0,334,24,259,18,75,22,0,96,59,4050,130,1781,2269,3228,175,578,69,34.4,0,96,84815,1960,145,81,79,34,12617,318,5834,6783,10414,778,1362,63,0,36.9,100,0.79,24.11,75.10,,30,44,0,79,29,39,13,70,1,6,0,3,0,0,0,0,0,4,0,1,0,0,0,0,0,0,0,0,0,0,0,0,0,0,0,1,0,0,1,0,0,0,0,1,0,7,0,0,0,2,1,2,,,,,,,,,,,,,,
30/07/2020,17290,490,,,7871,9419,4795,12495,0,14121,1070,1964,135,0,100,36.6,57706,1350,140,7,53,87,23,99,69.4,50,90,0,352,44,272,41,80,5,0,96,59,4280,230,1880,2400,3422,189,598,71,34.6,0,96,86803,1988,146,81,79,34,12870,253,5938,6932,10649,791,1366,64,0,36.4,100,0.81,24.75,74.44,,31,38,0,78,33,43,13,80,1,7,0,3,0,0,0,0,0,3,0,3,0,0,0,0,0,0,0,0,0,1,0,0,0,0,0,0,0,0,1,0,0,0,0,0,0,11,0,0,0,2,1,2,0,1,,,,,,,,,,,,
31/07/2020,17820,530,,,8106,9714,4921,12899,0,14608,1105,1989,118,0,100,36.7,58920,1214,150,10,56,94,23,99,69.8,53,97,0,345,32,270,31,75,1,0,96,59,4404,124,1935,2469,3540,195,615,54,34.6,0,96,88861,2058,147,81,79,34,13266,396,6115,7151,11015,813,1374,64,0,37,100,0.84,24.71,74.44,,28,40,0,77,32,38,13,85,1,6,0,3,0,0,0,0,0,2,0,1,0,1,0,0,0,0,0,0,0,1,0,0,0,0,0,0,0,0,0,0,0,0,0,0,0,13,0,0,0,1,1,2,0,0,,,,,,,,,,,,
01/08/2020,18187,367,,,8268,9919,5021,13166,0,14940,1128,2001,118,0,100,36.7,60216,1296,154,4,57,97,23,99,70,53,101,0,346,33,252,30,94,19,24,91,59,4531,127,1995,2536,3645,204,628,54,34.7,0,96,90543,1682,148,81,79,35,13502,236,6216,7286,11242,823,1373,64,0,37,100,0.85,24.91,74.24,,25,42,0,81,33,39,35,62,0,9,0,2,0,0,0,0,0,1,0,0,0,0,0,0,0,0,0,0,0,1,0,0,0,0,0,0,0,0,0,0,0,0,0,0,0,11,0,0,0,1,1,3,0,0,,,,,,,,,,,,
02/08/2020,19015,828,788,40,8673,10342,5209,13806,0,15644,1182,2069,120,0,100,36.8,61443,1227,162,8,58,104,23,99,69.9,56,106,0,366,44,268,39,98,4,14,91,59,4585,54,2020,2565,3693,207,631,54,34.7,0,96,92680,2137,149,81,79,37,14268,766,6595,7673,11895,869,1438,66,0,37.1,100,0.85,24.11,75.04,,23,48,0,72,38,43,36,68,0,8,0,2,0,1,0,0,0,1,0,1,0,0,0,0,0,0,0,0,0,1,0,1,0,0,0,0,0,0,0,0,0,0,0,0,0,20,0,0,0,0,1,1,0,0,0,1,,,,,,,,,,
03/08/2020,19464,449,427,22,8872,10592,5285,14179,0,16011,1219,2113,121,0,100,36.8,62566,1123,171,9,63,108,23,99,69.9,58,113,0,393,46,296,43,97,3,14,91,59,4689,104,2071,2618,3780,209,646,54,34.7,0,96,94512,1832,150,81,79,38,14604,336,6738,7866,12173,897,1467,67,0,37.1,100,0.88,24.09,75.03,,25,46,0,77,37,53,35,71,0,9,0,2,0,1,0,0,0,1,0,2,0,0,0,0,0,0,0,0,0,2,0,0,0,0,0,0,0,0,0,0,0,0,0,0,0,19,0,0,0,0,0,2,0,2,0,2,0,7,,,,,,,,
04/08/2020,20005,541,435,106,9129,10876,5400,14605,0,16464,1262,2158,121,0,100,36.9,63715,1149,181,10,66,115,23,99,69.8,62,119,0,391,33,293,28,98,5,24,91,60,6590,1901,2885,3705,5344,297,889,60,35,0,96,96110,1598,151,81,80,39,13234,-1370,6178,7056,11058,846,1269,61,0,37.3,100,0.90,32.94,66.15,,27,48,0,80,39,53,32,72,0,9,0,2,0,0,0,0,0,1,0,2,0,0,0,0,0,0,0,0,0,2,0,0,0,0,0,0,0,1,0,0,0,0,0,0,0,19,0,0,0,0,0,2,0,0,0,1,0,1,,,,,,,,
05/08/2020,20683,678,580,98,9430,11253,5572,15111,0,17073,1303,2185,122,0,100,36.9,64934,1219,191,10,71,120,23,99,70.1,66,125,0,388,36,288,26,100,10,24,91,59,6851,261,3005,3846,5561,309,918,63,35,0,96,97950,1840,152,81,80,39,13641,407,6354,7287,11446,869,1267,59,0,37.4,100,0.92,33.12,65.95,,27,53,0,82,39,57,34,66,0,6,0,2,0,0,0,0,0,1,0,1,0,0,0,0,0,0,0,0,0,0,0,0,0,0,0,0,0,1,0,0,0,0,0,0,0,15,0,0,0,0,0,2,0,0,0,1,0,1,,,,,,,,
06/08/2020,21445,762,653,109,9792,11653,5748,15697,0,17749,1354,2220,122,0,100,37,66116,1182,200,9,74,126,23,99,70.1,70,130,0,391,37,288,28,103,9,24,91,60,7038,187,3087,3951,5712,317,945,64,35,0,96,100050,2100,153,81,80,39,14207,566,6631,7576,11967,907,1275,58,0,37.5,100,0.93,32.82,66.25,,28,58,0,77,42,54,33,67,0,5,0,2,0,0,0,0,0,2,0,1,0,0,0,0,0,0,0,0,0,0,0,0,0,0,0,0,0,0,0,0,0,0,0,0,0,17,0,0,0,0,0,2,0,1,0,1,0,1,,,,,,,,
07/08/2020,22081,636,496,140,10112,11969,5876,16205,0,18289,1405,2263,124,0,100,37,67450,1334,218,18,82,136,23,99,69.9,75,143,0,373,30,284,26,89,3,24,87,60,7266,228,3203,4063,5915,329,958,64,35.1,0,96,102257,2207,154,81,80,42,14597,390,6827,7770,12299,933,1305,60,0,37.4,100,0.99,32.91,66.11,,25,58,0,73,37,53,27,70,0,3,0,2,0,0,0,0,0,2,0,2,0,1,0,0,0,0,0,0,0,0,0,0,0,0,0,0,0,0,0,0,0,0,0,0,0,15,0,1,0,0,0,1,0,0,0,1,0,1,0,1,,,,,,
08/08/2020,22802,721,586,135,10447,12355,6036,16766,0,18902,1448,2326,126,0,100,37,68551,1101,228,10,85,143,23,99,70.1,77,151,0,360,33,280,28,80,5,24,87,60,7589,323,3364,4225,6184,344,998,63,35.1,0,96,104246,1989,155,81,80,42,14985,388,6998,7987,12641,953,1328,63,0,37.4,100,1.00,33.28,65.72,,23,60,0,80,33,51,24,64,0,3,0,2,0,0,0,0,0,2,0,2,0,0,0,0,0,0,0,0,0,0,0,0,0,0,0,0,0,0,0,0,0,0,0,0,0,12,0,1,0,1,0,1,0,1,0,0,0,0,0,0,,,,,,
09/08/2020,23286,484,447,37,10670,12616,6151,17135,0,19318,1493,2348,127,0,100,37.1,69509,958,235,7,86,149,23,99,70,79,156,0,376,38,290,28,86,9,28,87,60,7730,141,3433,4297,6300,349,1017,64,35.1,0,96,105915,1669,156,81,80,43,15321,336,7151,8170,12939,988,1331,63,0,37.6,100,1.01,33.20,65.79,,23,57,0,83,37,52,26,67,0,4,0,3,0,0,0,0,0,2,0,1,0,0,0,0,0,0,0,0,0,0,0,0,0,0,0,0,0,0,0,0,0,0,0,0,0,15,0,2,0,1,0,1,0,0,0,2,0,0,0,0,,,,,,
10/08/2020,23872,586,567,19,10943,12929,6286,17586,0,19821,1528,2387,136,0,100,37.1,70399,890,244,9,88,156,23,99,71,84,160,0,388,12,304,24,84,5,28,88,59,7823,93,3479,4344,6373,354,1025,71,35.1,0,96,107461,1546,157,81,80,44,15805,484,7376,8429,13364,1014,1362,65,0,37,100,1.02,32.77,66.21,,25,62,0,82,33,57,26,70,0,4,0,3,0,1,0,0,0,2,0,1,0,0,0,0,0,0,0,0,0,0,0,0,0,0,0,0,0,0,0,0,0,0,0,0,0,16,0,2,0,1,0,1,0,0,0,2,0,0,0,0,,,,,,
11/08/2020,24624,752,584,168,11301,13323,6422,18202,32,20462,1573,2439,150,0,100,37.2,71066,667,255,11,92,163,23,99,70.2,86,169,0,383,42,298,30,85,12,32,87,59,7971,148,3555,4416,6507,358,1035,71,35.2,0,96,108819,1358,158,81,80,45,16398,593,7654,8744,13869,1046,1404,79,0,37.6,100,1.04,32.37,66.59,,26,67,0,77,30,53,27,66,0,4,0,3,0,1,0,0,0,2,0,1,0,0,0,0,0,0,0,0,0,0,0,0,0,0,0,0,0,1,0,0,0,0,0,0,0,15,0,3,0,1,0,1,0,0,3,0,0,0,2,0,,,,,,
12/08/2020,25303,679,492,187,11623,13680,6599,18704,0,21048,1611,2494,150,0,100,37.2,72238,1172,263,8,96,167,23,100,70.3,88,175,0,371,34,283,23,88,11,32,87,59,8189,218,3654,4535,6679,370,1067,73,35.2,0,96,110817,1998,159,82,80,46,16851,453,7873,8978,14281,1066,1427,77,0,37.6,99,1.04,32.36,66.60,,28,62,0,75,27,44,27,63,0,4,0,3,0,0,0,0,0,3,0,1,0,0,0,0,0,0,0,0,0,1,0,0,0,1,0,1,0,0,0,0,0,0,0,0,0,18,0,3,0,0,0,0,0,0,0,3,0,0,6,0,0,1,,,,
13/08/2020,26129,826,658,168,12024,14105,6786,19343,0,21759,1663,2544,163,0,100,37.2,73577,1339,272,9,99,173,23,100,70.4,91,181,0,369,32,274,23,95,9,30,85,59,8412,223,3757,4655,6860,380,1099,73,35.1,0,96,112960,2143,160,82,80,45,17445,594,8168,9277,14808,1102,1445,90,0,37.6,99,1.04,32.19,66.76,,27,59,0,71,26,43,31,61,0,3,1,2,0,1,0,0,0,2,0,0,0,0,0,0,0,0,0,0,0,0,0,0,0,0,0,0,0,0,0,0,0,0,0,0,0,23,0,4,0,0,0,1,0,0,0,3,0,0,10,0,0,1,,,,
14/08/2020,26931,802,666,136,12416,14515,6967,19964,0,22459,1704,2604,164,0,100,37.2,75083,1506,281,9,102,179,23,100,70.2,95,186,0,373,36,274,23,99,7,12,85,59,8785,373,3936,4849,7164,397,1148,76,35.1,0,96,115444,2484,161,82,80,45,17865,420,8378,9487,15200,1121,1456,88,0,37.7,99,1.04,32.62,66.34,,30,55,0,74,24,43,32,59,1,3,1,2,0,1,0,0,0,3,0,2,0,0,0,0,0,0,0,0,0,0,0,0,0,1,0,0,0,0,0,0,0,0,0,0,0,21,0,3,0,0,0,3,0,0,0,3,0,0,11,0,0,1,,,,
15/08/2020,27737,806,599,207,12800,14937,7151,20586,0,23147,1759,2660,171,0,100,37.2,76681,1598,291,10,108,183,21,100,70.2,98,193,0,369,36,265,29,104,6,0,85,59,9010,225,4047,4963,7350,409,1175,76,35.1,0,96,117914,2470,162,82,80,46,18436,571,8645,9791,15699,1157,1485,95,0,37.7,99,1.05,32.48,66.47,,24,53,0,77,26,43,37,54,3,3,0,2,0,1,0,0,0,3,0,1,0,0,0,0,0,0,0,1,0,0,0,0,0,0,0,0,0,0,0,0,0,0,0,0,0,17,0,4,0,0,2,1,0,0,0,3,0,0,12,1,0,1,,,,
16/08/2020,28465,728,690,38,13136,15329,7292,21173,0,23783,1805,2706,171,0,100,37.2,78235,1554,294,3,109,185,21,100,70.2,99,195,0,380,36,278,31,102,4,0,97,59,9062,52,4074,4988,7391,415,1180,76,35.1,0,96,120435,2521,163,82,80,46,19109,673,8953,10156,16293,1195,1526,95,0,37.7,99,1.03,31.84,67.13,,23,65,0,77,31,45,32,57,3,3,0,2,0,1,0,0,0,3,0,0,0,0,0,0,0,0,0,1,0,0,0,0,0,0,0,0,0,1,0,0,0,0,0,0,0,15,0,4,0,1,2,0,0,0,0,3,0,0,11,0,0,0,,,,
17/08/2020,29084,619,581,38,13420,15664,7416,21668,0,24317,1850,2745,172,0,100,37.3,79189,954,304,10,113,191,21,100,69.9,106,198,0,397,32,291,32,106,4,0,97,59,9233,171,4147,5086,7542,427,1188,76,35.2,0,96,122134,1699,164,82,80,46,19547,438,9160,10387,16669,1225,1557,96,0,37.7,99,1.05,31.75,67.21,,26,67,0,79,32,53,33,54,3,3,0,2,0,1,0,0,0,3,0,1,0,0,0,0,0,0,0,2,0,0,0,0,0,0,0,0,0,0,0,0,0,0,0,0,0,15,0,5,0,1,1,0,0,0,0,3,0,1,11,1,0,0,,,,
18/08/2020,29643,559,498,61,13681,15962,7476,22167,0,24826,1878,2784,155,0,100,37.3,79750,561,314,10,117,197,21,100,70.2,106,208,0,413,36,303,27,110,9,1,97,59,9462,229,4237,5225,7747,443,1214,58,35.2,0,96,123223,1089,165,82,80,46,19867,320,9327,10540,16973,1227,1570,97,0,37.7,99,1.06,31.92,67.02,,27,64,0,81,34,57,36,58,1,6,0,2,0,2,0,1,0,3,0,2,0,0,0,0,0,0,0,1,0,0,0,0,0,0,0,0,0,0,0,0,0,0,0,0,0,13,0,8,0,1,1,0,0,0,0,3,0,0,11,1,0,0,,,,
19/08/2020,30409,766,584,182,14054,16355,7645,22764,0,25489,1925,2838,157,0,100,37.3,80701,951,321,7,121,200,21,100,70.2,109,212,0,412,-1,286,33,126,16,1,97,58,9660,198,4324,5336,7923,455,1224,58,35.2,0,96,124854,1631,166,82,80,47,20428,561,9609,10819,17457,1258,1614,99,0,37.7,99,1.06,31.77,67.18,,25,66,13,62,40,64,35,53,1,7,0,1,0,1,0,1,0,3,0,1,0,0,0,0,0,0,0,1,0,0,0,0,0,0,0,0,0,0,,0,0,0,0,0,0,15,0,7,0,1,1,0,0,0,0,2,0,0,11,1,0,0,,,,
20/08/2020,31075,666,459,207,14382,16693,7764,23311,0,26053,1966,2896,160,0,100,37.3,81437,736,333,12,125,208,21,100,70.3,110,223,0,410,42,282,34,128,8,1,97,57,9939,279,4444,5495,8164,471,1243,61,35.3,0,96,126337,1483,167,82,80,49,20803,375,9813,10990,17779,1272,1653,99,0,37.7,99,1.07,31.98,66.94,,28,55,12,65,41,60,34,55,1,6,0,1,0,0,0,1,0,3,0,0,0,1,0,4,0,0,0,1,0,1,0,0,0,0,0,0,0,0,0,0,0,0,0,0,0,18,0,5,0,1,1,0,0,1,0,2,0,0,11,2,0,0,,,,
21/08/2020,32134,1059,866,193,14909,17225,7972,24162,0,26990,2015,2969,160,0,100,37.3,82409,972,340,7,127,213,21,100,70,114,226,0,403,36,279,31,124,5,1,97,56.8,10159,220,4552,5607,8342,490,1266,61,35.3,0,96,128308,1971,168,82,80,50,21635,832,10230,11405,18534,1299,1703,99,0,37.7,99,1.06,31.61,67.33,,27,57,14,61,42,58,28,58,1,6,0,3,0,0,0,0,0,3,0,2,0,2,0,3,0,1,0,1,0,0,0,0,0,0,0,0,0,0,0,0,0,0,0,0,0,19,0,1,0,1,1,0,0,0,0,2,0,0,11,1,0,0,,,,
22/08/2020,33084,950,777,173,15345,17739,8157,24927,0,27816,2063,3044,161,0,100,37.3,83763,1354,348,8,129,219,21,100,70.1,118,230,0,386,29,255,21,131,8,1,94,58,10372,213,4646,5726,8529,501,1280,62,35.4,0,96,130867,2559,169,82,80,51,22364,729,10570,11794,19169,1332,1764,99,0,37.7,99,1.05,31.35,67.60,,26,53,15,58,44,53,31,54,1,5,2,2,0,0,0,0,0,3,0,3,0,0,0,1,0,0,0,1,0,0,0,0,0,0,0,0,0,0,0,0,0,0,0,0,0,18,0,0,0,1,1,0,0,0,0,2,0,0,11,0,0,1,,,,
23/08/2020,33820,736,682,54,15699,18121,8291,25529,0,28463,2119,3076,162,0,100,37.3,85174,1411,355,7,133,222,21,100,69.9,122,233,0,405,19,274,25,131,8,0,94,58,10518,146,4708,5810,8655,510,1291,62,35.4,0,96,133005,2138,170,82,80,51,22947,583,10858,12089,19686,1376,1785,100,0,37.7,99,1.05,31.10,67.85,,27,51,15,55,45,64,29,63,2,5,2,3,0,0,0,0,0,4,0,3,0,0,0,0,0,0,0,1,0,0,0,0,0,0,0,0,0,0,0,0,0,1,0,0,0,19,0,0,0,0,0,3,0,0,0,1,0,0,11,0,0,1,,,,
24/08/2020,34463,643,575,68,15988,18475,8393,26070,0,29010,2162,3129,162,0,100,37.3,86132,958,362,7,137,225,21,100,69.9,125,237,0,414,30,271,20,143,10,0,94,58,12758,2240,5786,6972,10504,675,1514,65,35.8,0,99,134812,1807,171,82,81,52,21343,-1604,10065,11278,18381,1250,1615,97,0,37.7,97,1.05,37.02,61.93,,30,52,16,60,49,61,31,59,2,5,2,4,0,0,0,0,0,4,0,3,0,0,0,0,0,0,0,1,0,0,0,0,0,1,0,0,0,0,0,0,0,1,0,0,0,16,0,0,0,1,2,2,0,0,0,1,0,0,11,0,0,0,,,,
25/08/2020,35305,842,602,240,16411,18894,8511,26794,0,29705,2213,3224,163,0,100,37.3,86834,702,376,14,144,232,21,100,69.9,130,246,0,412,36,268,27,144,9,0,92,58,13073,315,5920,7153,10775,695,1536,67,35.8,0,99,136154,1342,172,82,81,52,21856,513,10347,11509,18800,1272,1688,96,0,37.7,98,1.07,37.03,61.91,,29,50,16,62,47,62,35,57,2,6,2,2,0,0,0,0,0,4,0,1,0,0,0,0,0,0,0,2,0,0,0,0,0,0,0,0,0,0,0,0,0,1,0,0,0,14,0,0,0,2,2,2,0,1,0,1,0,1,11,0,0,0,,,,
26/08/2020,36307,1002,800,202,16878,19429,8683,27624,0,30566,2300,3273,168,0,100,37.3,88082,1248,386,10,149,237,21,100,69.9,133,253,0,400,43,257,31,143,12,1,92,58,13317,244,6042,7275,10996,703,1548,70,35.8,0,99,138394,2240,173,82,81,52,22604,748,10687,11917,19437,1344,1725,98,0,37.7,98,1.06,36.68,62.26,,28,52,15,60,45,56,39,51,2,4,2,2,0,0,0,0,0,4,0,3,0,0,0,1,0,0,0,2,0,0,0,0,0,0,0,0,0,0,0,0,0,0,0,0,0,15,0,0,0,2,1,4,0,0,0,1,0,0,11,0,0,0,,,,
27/08/2020,37292,985,773,212,17383,19909,8889,28403,0,31408,2357,3359,168,0,100,37.4,89168,1086,397,11,153,244,21,100,69.9,137,260,0,395,45,263,31,132,14,13,85,58,14471,1154,6606,7865,12015,778,1608,70,36.1,0,99,140722,2328,174,82,81,53,22424,-180,10624,11800,19256,1319,1751,98,0,37.6,99,1.06,38.80,60.13,,25,52,15,63,41,63,38,46,0,4,1,1,0,0,0,0,0,5,0,3,0,0,0,1,0,0,0,1,0,0,0,0,0,1,0,0,0,0,0,0,0,0,0,0,0,15,0,0,0,2,0,6,0,0,0,0,0,0,12,0,0,0,,,,
28/08/2020,38485,1193,977,216,17962,20523,9051,29434,0,32427,2430,3459,169,0,100,37.4,90402,1234,407,10,158,249,21,100,70.6,137,270,0,411,55,271,38,140,17,13,85,57,14664,193,6692,7972,12185,781,1627,71,36.1,0,99,143049,2327,175,82,82,53,23414,990,11112,12302,20105,1379,1832,98,0,37.6,99,1.06,38.10,60.84,,26,53,16,63,41,68,44,44,0,7,1,1,0,0,0,0,0,5,0,2,0,1,0,1,0,0,0,0,0,0,0,0,0,1,0,0,0,0,0,1,0,0,0,0,0,16,0,0,0,2,0,4,0,0,0,1,0,0,12,1,0,0,,,,
29/08/2020,39699,1214,989,225,18546,21153,9249,30450,0,33445,2516,3568,170,0,100,37.4,92046,1644,418,11,160,258,21,100,70,141,277,0,413,38,280,29,133,9,11,83,57,15737,1073,7233,8504,13142,832,1691,72,36.2,0,99,146047,2998,176,82,82,56,23544,130,11153,12391,20162,1407,1877,98,0,37.5,99,1.05,39.64,59.31,,28,58,16,65,34,65,40,50,1,7,1,2,0,0,0,0,0,5,0,3,0,1,0,0,0,0,0,0,0,0,0,0,0,1,0,0,0,1,0,0,0,0,0,0,0,16,0,0,0,1,0,4,0,0,0,1,0,0,13,0,0,0,,,,
30/08/2020,40546,847,804,43,18947,21599,9391,31155,0,34161,2583,3627,175,0,100,37.4,93296,1250,429,11,166,263,21,100,70,144,285,0,432,47,290,37,142,10,11,83,57,15970,233,7341,8629,13333,846,1715,76,36.3,0,99,148479,2432,177,82,82,57,24147,603,11440,12707,20684,1452,1912,99,0,37.6,99,1.06,39.39,59.55,,31,56,16,68,41,73,40,55,1,6,1,2,0,0,0,0,0,5,0,2,0,1,0,0,0,0,0,0,0,0,0,0,0,1,0,0,0,0,0,0,0,0,0,0,0,16,0,0,0,0,0,4,0,0,0,1,0,0,12,0,0,0,,,,
31/08/2020,41287,741,686,55,19274,22013,9491,31796,0,34768,2663,3676,180,0,100,37.4,94127,831,436,7,169,267,19,100,69.8,149,287,0,450,38,306,33,144,5,11,83,57,16056,86,7379,8677,13404,851,1719,82,36.3,0,99,150106,1627,178,82,82,57,24795,648,11726,13069,21215,1525,1957,98,0,37.6,99,1.06,38.89,60.06,,31,56,16,71,46,77,37,63,1,7,1,2,0,0,0,0,0,6,0,1,0,1,0,1,0,0,0,0,0,0,0,0,0,0,0,0,0,1,0,0,0,1,0,0,0,15,0,0,0,0,0,3,0,0,0,1,0,0,12,0,0,0,,,,
01/09/2020,42184,897,673,224,19705,22479,9610,32574,0,35522,2722,3757,183,0,100,37.5,94942,815,443,7,172,271,19,100,69.8,153,290,0,448,41,299,31,149,10,11,83,57,16270,214,7471,8799,13586,862,1737,85,36.3,0,99,151694,1588,179,82,82,57,25471,676,12062,13409,21783,1570,2020,98,0,37.7,99,1.05,38.57,60.38,,34,59,15,70,51,78,36,56,0,8,1,2,0,0,0,0,0,5,0,1,0,1,0,2,0,0,0,1,0,0,0,0,0,0,0,0,0,0,0,0,0,1,0,0,0,9,0,0,0,0,0,4,0,0,0,1,0,1,12,0,0,0,,,,
02/09/2020,43305,1121,885,236,20273,23032,9785,33520,0,36505,2783,3837,180,0,100,37.5,96176,1234,453,10,174,279,19,100,69.7,158,295,0,456,47,302,37,154,10,2,83,58,16512,242,7540,8972,13797,871,1748,96,36.3,0,99,153884,2190,180,82,82,58,26340,869,12559,13781,22550,1617,2089,84,0,37.7,99,1.05,38.13,60.82,,32,59,15,68,55,75,40,63,1,8,1,1,0,0,0,0,0,7,0,2,0,1,0,2,0,0,0,0,0,0,0,0,0,0,0,0,0,0,0,1,0,1,0,0,0,11,0,0,0,0,0,2,0,0,0,1,0,0,10,0,0,0,,,,
03/09/2020,44458,1153,913,240,20851,23607,9966,34492,0,37500,2838,3936,184,0,100,37.5,97754,1578,460,7,176,284,19,100,69.5,161,299,0,463,47,302,31,161,16,24,83,59,17855,1343,8233,9622,14960,940,1855,100,36.4,0,99,156466,2582,181,82,82,58,26143,-197,12442,13701,22379,1599,2081,84,0,37.7,99,1.03,40.16,58.80,,32,60,16,63,60,69,39,66,0,9,1,1,0,0,0,0,0,6,0,2,0,1,0,3,0,0,0,0,0,0,0,2,0,0,0,0,0,0,0,1,0,0,0,0,0,13,0,0,0,0,0,3,0,0,0,1,0,1,13,0,0,1,,,,
04/09/2020,45680,1222,998,224,21451,24229,10135,35545,0,38580,2931,4036,133,0,100,37.5,99506,1752,469,9,177,292,19,100,60.6,163,306,0,469,46,257,30,212,62,24,91,59,18053,198,8329,9724,15167,955,1871,60,36.4,0,99,159455,2989,182,82,82,59,27158,1015,12945,14213,23250,1670,2165,73,0,37.7,99,1.03,39.52,59.45,,30,59,64,16,63,71,42,64,0,10,0,3,0,0,0,0,0,6,0,1,0,0,0,3,0,0,0,0,0,0,0,2,0,0,0,0,0,0,0,0,0,0,0,0,0,15,0,0,0,0,0,2,0,0,0,1,0,3,13,0,0,1,,,,
05/09/2020,46920,1240,1015,225,22063,24857,10323,36597,0,39646,3014,4127,133,0,100,37.5,101370,1864,478,9,179,299,19,100,60.6,165,313,0,471,54,261,38,210,16,24,91,59,18211,158,8407,9804,15304,963,1884,60,36.4,0,99,162780,3325,183,82,82,60,28231,1073,13477,14754,24177,1738,2243,73,0,37.7,99,1.02,38.81,60.17,,28,62,62,15,64,83,43,58,0,10,0,2,0,0,0,0,0,6,0,1,0,0,0,3,0,0,0,0,0,0,0,1,0,0,0,0,0,0,,0,0,0,0,0,0,16,0,0,0,0,0,2,0,0,0,1,0,0,13,0,0,1,,,,
06/09/2020,47947,1027,957,70,22581,25366,10449,37498,0,40570,3068,4196,113,0,100,37.5,102555,1185,491,13,185,306,19,100,69.4,172,319,0,480,40,270,25,210,15,24,91,59,18445,234,8519,9926,15521,980,1895,49,36.4,0,99,165144,2364,184,82,82,60,29011,780,13877,15134,24877,1769,2301,64,0,37.6,99,1.02,38.47,60.51,,28,64,61,16,66,82,42,60,0,10,0,3,0,0,0,0,0,6,0,2,0,0,0,2,0,0,0,0,0,0,0,1,0,0,0,1,0,0,0,1,0,1,0,0,0,15,0,1,0,0,0,2,0,0,0,1,0,1,13,0,0,1,,,,
07/09/2020,48780,833,750,83,22990,25790,10554,38226,0,41305,3126,4233,116,0,100,37.5,103361,806,510,19,195,315,19,100,69.5,177,333,0,496,41,283,34,213,12,24,91,59,19083,638,8848,10235,16073,1027,1933,50,36.5,0,99,166786,1642,185,82,82,60,29187,176,13947,15240,25055,1766,2300,66,0,37.6,100,1.05,39.12,59.83,,28,72,59,14,69,84,44,66,0,10,0,2,0,0,0,0,0,6,0,0,0,0,0,1,0,0,0,1,0,0,0,0,0,0,0,0,0,0,0,1,0,1,0,3,0,15,0,2,0,1,0,1,0,0,0,1,0,1,13,0,0,1,,,,
08/09/2020,49897,1117,829,288,23523,26374,10722,39175,0,42245,3194,4341,117,0,100,37.5,104510,1149,531,21,202,329,19,100,69.6,185,346,0,500,57,264,34,236,23,23,91,60,19285,202,8951,10334,16250,1033,1951,51,36.5,0,99,169002,2216,186,82,82,62,30081,894,14370,15711,25810,1815,2390,66,0,37.6,100,1.06,38.65,60.29,,26,69,,,71,82,42,57,0,6,0,2,0,0,0,0,0,7,0,1,0,0,0,1,0,0,0,0,0,0,0,0,0,0,0,0,0,2,0,1,0,2,4,3,,,0,2,0,1,1,0,0,0,0,1,0,4,12,5,0,1,80,17,,
09/09/2020,51224,1327,1066,261,24173,27051,10894,40330,0,43366,3287,4455,116,0,100,37.5,105961,1451,543,12,205,338,19,100,69.9,189,354,0,509,68,272,51,237,17,23,91,60,19544,259,9065,10479,16485,1046,1963,50,36.5,0,99,172011,3009,187,82,82,63,31137,1056,14903,16234,26692,1887,2492,66,0,37.6,100,1.06,38.15,60.79,,28,67,,,73,83,40,51,0,5,0,2,0,0,0,1,0,7,0,2,0,1,0,3,0,0,0,1,0,0,0,0,0,2,0,0,0,0,0,0,0,3,4,4,,,0,2,1,0,1,2,0,0,0,4,0,2,13,6,0,1,77,21,0,2
10/09/2020,52549,1325,1063,262,24827,27722,11066,41483,0,44504,3390,4538,117,0,100,37.6,107513,1552,567,24,214,353,19,100,69.7,195,372,0,524,74,305,60,219,14,24,96,60,20322,778,9439,10883,17160,1084,2023,55,36.5,0,99,175050,3039,188,82,82,63,31660,523,15174,16486,27149,1934,2515,62,0,37.5,100,1.08,38.67,60.25,,25,65,,,63,87,37,66,0,4,0,3,0,0,0,3,0,10,0,1,0,2,0,4,0,0,0,0,0,0,0,0,0,1,0,1,0,1,0,0,0,3,4,8,,,0,1,0,0,2,1,0,1,0,2,0,10,13,9,0,1,75,21,0,0
11/09/2020,53969,1420,1167,253,25506,28463,11275,42694,0,45744,3475,4636,114,0,100,37.6,109500,1987,583,16,221,362,19,100,69.8,198,385,0,534,65,313,46,221,19,24,96,60,20710,388,9631,11079,17495,1100,2059,56,36.5,0,99,178446,3396,189,82,82,65,32676,1016,15654,17022,28051,1990,2577,58,0,37.6,100,1.08,38.37,60.55,,29,70,,,65,93,37,61,0,3,1,3,0,0,0,5,0,10,0,4,0,0,0,4,0,0,0,0,0,0,0,0,0,0,0,0,0,0,0,0,0,3,3,8,,,0,1,2,1,1,4,0,1,0,0,0,6,13,12,0,2,70,22,0,0
12/09/2020,55454,1485,1261,224,26236,29218,11474,43980,0,47038,3549,4753,114,0,100,37.6,111235,1735,590,7,224,366,19,100,69.7,202,388,0,564,72,339,53,225,19,24,96,60,20928,218,9739,11189,17674,1109,2088,57,336.5,0,99,181763,3317,190,82,82,65,33936,1260,16273,17663,29162,2052,2665,57,0,37.6,100,1.06,37.74,61.20,,31,71,,,65,90,36,65,0,2,1,4,0,1,0,8,0,10,0,7,0,3,0,4,0,0,0,0,0,0,0,0,0,0,0,0,0,1,0,0,0,4,6,10,,,0,1,1,2,1,4,0,1,0,4,0,3,13,16,0,3,71,23,0,2
13/09/2020,56424,970,911,59,26714,29710,11607,44817,0,47879,3624,4798,123,0,100,37.6,112919,1684,605,15,229,376,19,100,69.8,206,399,0,589,62,352,62,237,18,24,96,60,21069,141,9810,11259,17792,1118,2099,60,36.5,0,99,184522,2759,191,82,82,65,34750,814,16675,18075,29881,2107,2699,63,0,37.6,100,1.07,37.34,61.59,,32,70,,,71,87,40,67,0,3,1,4,0,1,0,7,0,10,0,9,0,5,0,5,0,0,0,1,0,1,0,0,0,0,0,0,0,1,0,1,0,4,5,9,,,0,1,0,2,0,7,0,0,0,4,0,4,13,20,0,3,75,24,0,2
14/09/2020,57361,937,841,96,27172,30189,11704,45657,0,48667,3704,4864,126,0,100,37.6,113934,1015,621,16,233,388,19,100,69.9,210,411,0,620,86,377,71,243,15,24,91,60,21206,137,9881,11325,17906,1123,2117,60,36.5,0,99,186456,1934,192,82,82,65,35534,784,17058,18476,30551,2170,2747,66,0,37.5,100,1.08,36.97,61.95,,33,72,,,73,85,41,66,0,5,1,2,0,2,0,7,0,22,0,10,0,4,0,5,0,0,0,0,0,0,0,0,0,0,0,0,0,0,1,0,0,5,6,9,0,1,0,1,1,0,0,6,0,1,0,6,0,24,13,18,0,3,74,22,0,1
15/09/2020,58138,777,713,64,27555,30583,11786,46352,0,49340,3760,4909,129,0,100,37.6,114929,995,633,12,240,393,19,100,70,212,421,0,631,45,382,32,249,13,24,91,60,21536,330,10036,11500,18183,1148,2142,63,36.5,0,99,188249,1793,193,82,82,65,35969,435,17279,18690,30945,2191,2767,66,0,37.7,100,1.09,37.04,61.87,,28,74,,,78,91,44,65,0,5,1,2,0,0,0,6,0,22,0,12,0,5,0,3,0,0,0,1,0,1,0,0,0,0,0,0,0,0,1,0,0,5,6,10,0,1,0,4,1,0,1,4,0,1,0,8,0,22,13,18,0,2,76,19,0,1
16/09/2020,59516,1378,1135,243,28264,31252,11938,47578,0,50524,3867,4996,129,0,100,37.6,116014,1085,649,16,246,403,19,100,70.1,215,434,0,634,61,381,44,253,17,23,91,60,21752,216,10137,11615,18382,1156,2151,63,36.5,0,99,190570,2321,194,82,82,65,37115,1146,17881,19234,31927,2277,2845,66,0,37.7,100,1.09,36.55,62.36,,31,75,,,81,92,41,60,0,4,4,4,0,0,0,5,0,22,0,12,0,3,0,4,0,0,0,1,0,1,0,0,0,0,0,0,0,0,1,0,0,4,6,13,0,1,0,5,1,0,2,3,0,1,0,8,0,27,12,18,0,2,74,15,0,1
17/09/2020,60818,1302,1021,281,28907,31911,12029,48789,0,51636,3947,5106,129,0,100,37.6,117301,1287,666,17,253,413,19,100,70.1,220,446,0,627,62,382,40,245,22,23,91,60,22662,910,10610,12052,19157,1197,2244,64,36.6,0,99,193045,2475,195,82,82,66,37490,375,18044,19446,32259,2304,2862,65,0,37.7,100,1.10,37.26,61.64,,31,71,,,71,89,40,63,0,4,4,5,0,1,0,5,0,22,0,12,0,2,0,5,0,0,0,1,0,1,0,0,0,0,0,0,0,0,1,1,0,2,6,18,0,1,0,6,0,1,1,5,0,1,0,10,0,21,13,18,0,1,78,15,0,1
18/09/2020,62374,1556,1323,233,29647,32727,12233,50141,0,52963,4046,5236,129,0,100,37.6,119216,1915,686,20,263,423,19,100,70.1,228,458,0,623,50,378,33,245,17,23,91,60,23168,506,10857,12311,19611,1212,2281,64,36.5,0,99,196377,3332,196,82,82,67,38520,1030,18527,19993,33124,2376,2955,65,0,37.7,100,1.10,37.14,61.76,,29,73,,,69,89,42,58,0,0,4,6,0,1,0,5,0,21,0,12,0,2,0,4,0,0,0,0,0,1,0,0,0,0,0,1,0,0,1,1,0,2,5,24,0,1,0,7,0,1,1,7,0,0,0,6,0,16,13,15,0,0,81,23,0,2
19/09/2020,63712,1338,1034,304,30299,33413,12404,51308,0,54066,4162,5352,132,0,100,37.6,121292,2076,706,20,270,436,19,100,70.1,233,473,0,620,53,373,40,247,13,23,91,60,23552,384,11042,12510,19954,1225,2309,64,36.5,0,99,199713,3336,197,82,82,67,39454,934,18987,20467,33879,2464,3043,68,0,37.7,100,1.11,36.97,61.93,,29,69,,,67,85,40,61,0,1,8,2,0,7,0,5,0,19,0,10,0,2,0,3,0,0,0,0,0,1,0,0,0,0,0,1,0,0,1,1,0,3,6,25,0,1,0,4,0,1,3,7,0,0,0,5,0,14,11,17,0,2,82,25,0,2
20/09/2020,64899,1187,1118,69,30840,34059,12555,52344,0,55102,4261,5422,114,0,100,37.6,123088,1796,727,21,277,450,19,100,70.3,236,491,0,633,61,381,42,252,19,23,91,60,23842,290,11185,12657,20218,1234,2328,62,36.5,0,99,202796,3083,198,82,82,68,40330,876,19378,20952,34648,2536,3094,52,0,37.7,100,1.12,36.74,62.14,,28,70,,,74,93,39,59,0,1,8,4,0,5,0,5,0,17,0,12,0,3,0,1,0,0,0,0,0,1,0,0,0,0,0,1,0,0,1,1,0,3,6,26,0,1,0,5,0,0,1,5,0,0,0,9,0,14,13,21,0,2,82,20,0,2
21/09/2020,65602,703,651,52,31146,34456,12644,52958,0,55696,4327,5459,120,0,100,37.7,124178,1090,745,18,283,462,19,100,70.3,241,504,0,634,49,380,40,254,9,1,91,61,25127,1285,11849,13278,21322,1324,2413,68,36.6,0,99,204765,1969,199,82,82,68,39730,-600,19014,20716,34133,2499,3046,52,0,37.7,100,1.14,38.30,60.56,,27,75,,,83,90,37,66,1,1,10,2,0,5,0,6,0,18,0,9,0,2,0,1,0,0,0,1,0,2,0,0,0,0,0,1,0,0,1,0,0,1,6,25,0,0,0,5,0,1,1,4,0,0,0,9,0,14,12,19,0,2,76,19,0,2
22/09/2020,66689,1087,868,219,31688,35001,12777,53912,0,56616,4412,5541,120,0,100,37.7,125212,1034,760,15,290,470,19,100,70.3,244,516,0,637,55,377,41,260,14,1,91,60,25706,579,12122,13584,21843,1343,2452,68,36.6,0,99,206812,2047,200,82,82,68,40223,493,19276,20947,34529,2553,3089,52,0,37.7,100,1.14,38.55,60.31,,28,75,,,83,85,39,65,1,0,9,4,0,7,0,9,0,17,0,10,0,3,0,1,0,0,0,2,0,1,0,0,0,0,0,0,0,1,1,0,0,0,6,24,0,0,0,3,0,1,2,5,0,1,0,9,0,15,13,19,0,2,78,16,0,2
23/09/2020,68059,1370,1142,228,32346,35713,12918,55141,0,57781,4504,5662,112,0,100,37.7,127047,1835,781,21,300,481,19,100,70.3,251,530,0,616,56,367,43,249,13,1,91,61,26136,430,12318,13818,22233,1362,2479,62,36.6,0,99,210057,3245,201,82,82,68,41142,919,19728,21414,35297,2612,3183,50,0,37.7,100,1.15,38.40,60.45,,24,63,,,82,79,41,61,1,0,8,4,0,9,0,9,0,17,0,9,0,1,0,0,0,0,0,2,0,2,0,0,0,0,0,2,0,0,0,0,0,0,7,23,0,0,0,5,0,1,2,5,0,1,0,16,0,16,13,21,0,2,71,18,0,1
24/09/2020,69459,1400,1122,278,33052,36407,13078,56381,0,58953,4605,5788,113,0,100,37.7,129114,2067,795,14,307,488,19,100,70.3,254,541,0,610,610,357,44,253,13,1,91,61,26554,418,12524,14030,22599,1382,2510,63,36.6,0,99,213404,3347,202,82,82,69,42110,968,20221,21889,36100,2682,3278,50,0,37.7,100,1.14,38.23,60.63,,26,56,,,82,78,41,63,1,0,8,3,0,5,0,9,0,16,0,8,0,0,0,2,0,0,0,2,0,1,0,0,0,0,0,1,0,0,0,0,0,1,7,24,0,0,0,2,0,0,1,7,0,0,0,17,0,20,13,23,0,1,74,17,0,1
25/09/2020,70816,1357,1133,224,33694,37122,13270,57546,0,60075,4734,5891,116,0,100,37.7,130639,1525,812,17,315,497,19,100,70.3,260,552,0,595,43,358,31,237,12,1,91,61,27023,469,12732,14291,23011,1411,2536,65,36.7,0,99,216356,2952,203,82,82,69,42981,871,20647,22334,36804,2771,3355,51,0,37.7,100,1.15,38.16,60.69,,26,56,,,70,84,37,67,1,0,8,3,0,8,0,8,0,15,0,9,0,2,0,3,0,0,0,2,0,1,0,0,0,0,0,0,0,0,0,0,0,1,6,19,0,0,0,2,0,0,1,7,0,0,0,13,0,17,12,23,0,1,76,17,0,0
26/09/2020,72049,1233,994,239,34311,37738,13429,58620,0,61144,4804,5985,116,0,100,37.7,132702,2063,828,16,323,505,19,100,70.3,264,564,0,579,51,341,31,238,20,1,91,61,27760,737,13055,14705,23662,1438,2590,70,36.6,0,99,219823,3467,204,82,82,70,43461,480,20933,22528,37218,2802,3395,46,0,37.7,100,1.15,38.53,60.32,,29,52,,,69,79,38,63,1,2,10,3,0,9,0,8,0,12,0,6,0,2,1,3,0,1,0,2,0,0,0,1,0,0,0,0,0,0,0,0,0,1,4,20,0,0,0,1,0,1,1,7,0,0,0,13,0,14,12,19,0,2,73,18,0,2
27/09/2020,72984,935,859,76,34762,38222,13526,59458,0,61926,4896,6044,118,0,100,37.7,134265,1563,847,19,332,515,19,100,70.3,270,577,0,595,69,372,59,223,10,1,91,61,28582,822,13416,15166,24352,1481,2677,72,36.6,0,99,222548,2725,205,82,82,70,43555,94,21014,22541,37304,2838,3367,46,0,37.8,100,1.16,39.16,59.68,,28,51,,,60,86,33,67,1,2,10,5,0,10,0,9,0,12,0,10,0,2,1,7,0,0,0,2,0,1,0,1,0,0,0,1,0,0,0,0,0,2,4,23,0,0,0,4,0,2,1,7,0,1,0,12,0,13,11,21,0,1,74,15,0,5
28/09/2020,73714,730,661,69,35121,38593,13598,60116,0,62560,4955,6080,119,0,100,37.7,135326,1061,861,14,336,525,19,100,70.3,277,584,0,617,52,389,42,228,10,1,91,61,29420,838,13794,15626,25059,1519,2767,75,36.6,0,99,224515,1967,206,82,82,70,43433,-122,20991,22442,37224,2852,3313,44,0,37.8,100,1.17,39.91,58.92,,28,58,,,59,95,35,70,1,2,11,6,0,10,0,9,0,12,0,10,0,3,0,8,0,0,0,3,0,1,0,1,0,1,0,0,0,0,0,0,0,1,5,24,0,0,0,2,0,2,1,4,0,1,0,11,0,13,12,21,0,2,76,14,0,5
29/09/2020,74604,890,672,218,35567,39037,13685,60919,0,63331,5003,6151,119,0,100,37.7,136309,983,880,19,341,539,19,100,70.3,283,597,0,606,47,376,37,230,10,1,91,61,30703,1283,14425,16278,26125,1587,2911,80,36.6,0,99,226281,1766,207,82,82,70,43021,-412,20801,22220,36923,2819,3240,39,0,37.9,100,1.18,41.15,57.67,,28,59,,,61,91,37,64,1,2,11,7,0,9,0,8,0,12,0,8,0,2,0,9,0,0,0,3,0,1,0,0,0,0,0,0,0,0,0,0,0,1,4,25,0,0,0,1,0,5,1,3,0,0,0,13,0,10,11,24,0,0,76,13,0,6
30/09/2020,75760,1156,902,254,36139,39621,13822,61938,0,64338,5065,6242,115,0,100,37.7,138114,1805,904,24,346,558,19,100,70.4,290,614,0,574,39,352,29,222,10,1,93,60,37841,7138,17959,19882,32229,2113,3410,89,37,0,99,229178,2897,208,82,82,70,37015,-6006,17834,19181,31819,2338,2832,26,0,37.6,100,1.19,49.95,48.86,,28,61,,,65,74,33,54,1,2,12,9,0,8,0,8,0,10,0,7,0,2,0,7,0,0,0,3,0,0,0,0,0,0,0,0,0,0,0,0,0,1,4,23,0,0,0,1,0,2,1,5,0,0,0,15,0,11,11,27,0,1,67,15,0,6
01/10/2020,76828,1068,794,274,36678,40150,13944,62884,0,65218,5133,6359,118,0,100,37.7,139852,1738,917,13,350,567,19,100,70.3,295,622,0,572,48,351,42,221,6,1,93,60,39843,2002,18869,20974,33979,2229,3541,94,37,0,99,231928,2750,209,82,82,70,36068,-947,17459,18609,30944,2282,2818,24,0,37.6,100,1.19,51.86,46.95,,30,58,,,65,69,33,52,1,2,11,10,0,11,0,7,0,10,0,10,0,3,0,7,0,0,0,2,0,1,0,0,0,0,0,0,0,0,0,0,0,0,4,27,0,0,0,2,0,1,1,5,0,0,0,15,0,10,12,29,0,0,64,14,0,6
02/10/2020,77829,1001,785,216,37170,40659,14047,63782,0,66056,5212,6444,117,0,100,37.7,141619,1767,930,13,354,576,18,100,70.2,304,626,0,582,79,358,63,224,16,1,93,60,42621,2778,20242,22379,36388,2382,3752,99,37,0,100,234624,2696,210,82,82,70,34278,-1790,16574,17704,29364,2204,2692,18,0,37.6,100,1.19,54.76,44.04,,27,60,,,68,62,37,50,1,3,13,9,0,12,0,8,0,10,0,14,0,3,0,11,0,1,0,1,0,1,0,0,0,0,0,0,0,0,0,1,0,0,4,27,0,0,0,2,0,3,2,5,0,0,0,21,0,9,12,26,0,0,60,12,0,6
03/10/2020,79182,1353,1158,195,37880,41302,14192,64990,0,67211,5314,6540,117,0,100,37.7,143614,1995,950,20,361,589,18,100,70.1,311,639,0,556,47,343,38,213,9,1,89,60,45007,2386,21392,23615,38477,2484,3946,100,37,0,100,238248,3624,211,82,82,70,33225,-1053,16127,17098,28423,2191,2594,17,0,37.7,99,1.20,56.84,41.96,,28,60,,,66,55,39,45,1,3,10,9,0,11,0,8,0,9,0,10,0,1,0,6,0,0,0,3,0,2,0,0,0,0,0,0,0,0,0,1,0,0,4,26,0,1,0,3,0,4,2,5,0,0,0,23,0,10,12,30,0,0,51,10,0,8
04/10/2020,80407,1225,1169,56,38503,41904,14321,66086,0,68270,5413,6607,117,0,100,37.7,145245,1631,971,21,369,602,18,100,70.1,318,653,0,561,49,346,37,215,12,1,89,60,47549,2542,22599,24950,40640,2659,4148,102,37.1,0,100,241416,3168,212,82,82,70,31887,-1338,15535,16352,27312,2101,2459,15,0,37.7,98,1.21,59.14,39.66,,31,64,,,66,53,42,42,1,3,12,9,0,11,0,9,0,9,0,13,0,1,0,6,0,1,0,1,0,2,0,0,0,0,0,0,0,0,0,1,0,0,4,24,0,1,0,3,0,5,2,4,0,0,0,28,0,9,12,29,0,0,45,10,0,8
05/10/2020,81129,722,668,54,38843,42286,14393,66736,0,68909,5461,6640,119,0,100,37.7,146232,987,987,16,374,613,18,100,70.2,324,663,0,570,37,358,29,212,8,1,89,60,49703,2154,23585,26118,42474,2798,4326,105,37.1,0,100,243276,1860,213,82,82,70,30439,-1448,14884,15555,26111,2000,2314,14,0,37.7,98,1.22,61.26,37.52,,29,66,,,67,60,42,46,1,3,12,10,0,8,0,10,0,9,0,12,0,1,0,5,0,0,0,3,0,3,0,0,0,0,0,0,0,0,1,1,0,0,4,25,0,0,0,3,0,5,2,3,0,0,0,27,0,9,10,31,0,0,44,10,0,8
06/10/2020,82142,1013,773,240,39333,42809,14390,67752,0,69791,5530,6734,87,0,100,37.7,147175,943,1004,17,381,623,18,100,70.1,331,673,0,574,53,360,36,214,17,1,89,60,50020,317,23749,26271,42767,2822,4358,73,37.1,0,100,245115,1839,214,82,82,71,31118,679,15203,15915,26693,2035,2376,14,0,37.7,98,1.22,60.89,37.88,,29,61,,,66,62,39,48,1,3,12,9,0,8,0,9,0,9,0,14,0,1,0,5,0,0,0,4,0,4,0,0,0,0,0,0,0,0,1,1,0,0,5,24,0,0,0,2,0,6,2,3,0,0,0,28,0,10,12,31,0,0,47,10,0,8
07/10/2020,83497,1355,1131,224,40005,43492,14624,68873,0,70945,5634,6832,86,0,100,37.7,148499,1324,1024,20,387,637,18,100,70,338,686,0,557,54,354,42,203,12,1,89,60,50295,275,23873,26422,43016,2838,4368,73,37.1,0,100,247803,2688,215,82,82,71,32178,1060,15745,16433,27591,2110,2464,13,0,37.7,98,1.23,60.24,38.54,,29,55,,,56,66,39,39,1,4,12,10,0,7,0,7,0,10,0,16,0,3,0,5,0,0,0,3,0,5,0,0,0,0,0,1,0,0,1,2,0,0,5,23,0,0,0,5,0,7,1,3,0,0,0,28,0,10,12,26,0,1,47,10,0,8
08/10/2020,84828,1331,992,339,40690,44138,14735,70093,0,72050,5741,6952,85,0,100,37.8,150471,1972,1040,16,392,648,18,100,70,345,695,0,568,66,371,55,197,11,1,89,60,51782,1487,24673,27109,44303,2913,4494,72,37.1,0,100,251285,3482,216,82,82,71,32006,-172,15625,16381,27402,2133,2458,13,0,37.8,98,1.23,61.04,37.73,,30,65,,,49,75,38,42,1,4,11,9,0,7,0,7,0,9,0,15,0,1,0,7,0,1,0,5,0,3,0,0,0,0,0,0,0,1,0,1,0,0,6,23,0,0,0,5,2,5,1,2,0,0,0,33,0,8,9,24,0,0,50,10,0,9
09/10/2020,86053,1225,903,322,41298,44755,14846,71207,0,73081,5830,7057,85,0,100,37.8,152317,1846,1055,15,396,659,18,100,69.9,353,702,0,566,56,369,50,197,6,1,89,60,52327,545,24947,27380,44774,2953,4528,72,37.1,0,100,254262,2977,217,82,82,71,32671,665,15955,16716,27954,2175,2529,13,0,37.7,98,1.23,60.81,37.97,,30,69,,,49,69,38,44,1,3,11,10,0,9,0,6,0,10,0,16,0,1,0,5,0,1,0,4,0,4,0,0,0,0,0,0,0,0,0,1,0,0,6,23,,,0,5,2,3,1,2,0,1,0,31,0,9,9,24,0,2,50,9,0,8
10/10/2020,87439,1386,1042,344,42025,45414,14982,72457,0,74247,5925,7180,87,0,100,37.7,154306,1989,1076,21,401,675,18,10,70,358,718,0,547,59,352,45,195,14,1,89,60,52669,342,25108,27561,45074,2972,4551,72,37.1,0,100,257549,3287,218,82,82,72,33694,1023,16516,17178,28815,2235,2629,15,0,37.7,99,1.23,60.24,38.53,,27,70,,,45,71,39,39,1,2,11,11,0,7,0,5,0,9,0,16,0,1,0,5,0,0,0,2,0,4,0,0,0,0,0,0,0,0,0,2,0,0,6,22,,,0,3,2,2,1,0,0,1,0,32,0,7,12,22,0,1,51,10,0,8
11/10/2020,88490,1051,937,114,42547,45943,15087,73403,0,75144,5994,7264,88,0,100,37.7,156070,1764,1090,14,405,685,18,100,70,360,730,0,565,57,376,49,189,8,1,89,60,53083,414,25324,27759,45436,2991,4583,73,37.1,0,100,260450,2901,219,82,82,72,34317,623,16818,17499,29348,2273,2681,15,0,37.7,100,1.23,59.99,38.78,,26,73,,,42,82,41,40,1,1,12,11,0,7,0,6,0,9,0,21,0,2,0,6,0,0,0,2,0,5,0,0,0,0,0,0,0,0,1,2,0,0,6,20,,,0,4,2,2,1,0,0,1,0,31,0,7,12,23,0,3,45,10,0,8
12/10/2020,89223,733,646,87,42892,46331,15154,74069,0,75766,6054,7317,86,0,100,37.7,157054,984,1108,18,411,697,18,100,69.9,368,740,0,572,47,387,35,185,12,1,86,59,53247,164,25400,27847,45578,3001,4597,71,37.1,0,100,262281,1831,220,82,82,72,34868,551,17081,17787,29820,2313,2720,15,0,37.7,100,1.24,59.68,39.08,,25,75,,,44,82,40,42,1,1,11,13,0,10,0,7,0,9,0,21,0,0,0,4,0,0,0,2,0,6,0,0,0,0,0,0,0,0,1,2,0,0,3,22,,,0,3,1,4,0,3,0,0,0,30,0,8,12,27,0,1,47,7,0,8
13/10/2020,90238,1015,701,314,43383,46855,15245,74993,0,76624,6114,7414,86,0,100,37.7,158271,1217,1124,16,419,705,18,100,69.8,375,749,0,582,65,381,45,201,20,1,87,59,53670,423,25605,28065,45948,3028,4623,71,371,0,100,264549,2268,221,82,82,73,35444,576,17359,18085,30301,2337,2791,15,0,37.7,100,1.25,59.48,39.28,,24,75,,,44,73,43,42,1,5,10,10,0,6,0,7,0,9,0,23,0,0,0,4,0,0,0,2,0,6,0,0,0,0,0,0,0,0,1,1,0,0,5,24,,,0,3,1,5,2,3,0,0,0,29,0,8,12,31,0,0,58,7,0,8
14/10/2020,91780,1542,1180,362,44137,47643,15407,76373,0,77942,6219,7533,86,0,100,37.7,160090,1819,1134,10,423,711,18,100,69.8,380,754,0,553,44,350,27,203,17,1,88,59,54155,485,25853,28302,46376,3053,4655,71,37.1,0,100,267827,3278,222,82,82,73,36491,1047,17861,18630,31186,2412,2878,15,0,37.7,100,1.24,59.01,39.76,,24,70,,,47,66,41,39,2,4,9,9,0,8,0,6,0,10,0,18,0,0,0,6,0,0,0,2,0,5,0,0,0,0,0,0,0,0,1,1,0,0,6,24,,,0,4,1,4,1,3,0,0,0,26,0,5,12,27,0,0,59,5,0,8
15/10/2020,93152,1372,1047,325,44811,48341,15554,77598,0,79114,6311,7642,85,0,100,37.7,162135,2045,1159,25,437,722,9,100,69.7,386,771,2,536,57,330,42,206,15,1,88,59,57731,3576,27654,30077,49459,3275,4926,71,37.2,0,100,271394,3567,223,82,82,74,34262,-2229,16720,17542,29269,2265,2714,14,0,37.6,99,1.24,61.98,36.78,,21,67,,,49,58,42,32,2,1,11,10,0,9,0,5,0,8,0,20,0,1,0,7,0,0,0,3,0,5,0,0,0,0,0,0,0,0,0,2,0,1,6,20,,,0,2,1,3,1,5,0,1,0,25,0,5,12,25,0,0,61,6,0,9
16/10/2020,94348,1196,860,336,45383,48965,15669,78679,0,80113,6402,7748,85,0,100,37.7,164007,1872,1168,9,441,727,9,100,69.7,390,776,2,526,42,309,29,217,13,1,91,59,58269,538,27921,30348,49927,3299,4972,71,37.2,0,100,274722,3328,224,82,82,75,34911,649,17021,17890,29796,2327,2774,14,0,37.6,99,1.24,61.76,37.00,,21,64,,,55,54,45,27,2,1,11,8,0,7,0,7,0,7,0,18,0,1,0,8,0,0,0,2,0,5,0,0,0,0,0,0,0,0,0,3,0,0,6,14,,,0,2,1,2,2,3,0,0,0,26,0,4,12,25,0,0,62,11,0,10
17/10/2020,95514,1166,867,299,45975,49539,15794,79720,0,81084,6493,7852,85,0,100,37.7,165806,1799,1183,15,447,736,9,100,69.7,394,787,2,520,44,303,28,217,16,1,91,59,58816,547,28194,30622,50395,3325,5025,71,37.2,0,100,277805,3083,225,82,82,75,35515,604,17334,18181,30295,2381,2825,14,0,37.7,99,1.24,61.58,37.18,,19,61,,,55,48,43,27,1,1,15,10,0,6,0,6,0,6,0,19,0,2,0,8,0,0,0,1,0,5,0,0,0,0,0,0,0,0,0,3,0,0,6,13,,,0,2,0,4,2,3,0,0,0,26,0,3,11,24,0,0,65,15,0,10
18/10/2020,96443,929,815,114,46407,50036,15882,80561,0,81855,6582,7921,85,0,100,37.8,167500,1694,1194,11,452,742,9,100,69.7,396,796,2,535,40,320,34,215,6,1,91,60,59049,233,28298,30751,50603,3338,5037,71,37.2,0,100,280768,2963,226,82,82,75,36200,685,17657,18543,30856,2448,2882,14,0,37.7,99,1.24,61.23,37.54,,17,67,,,53,49,46,25,1,2,13,11,0,8,0,6,0,6,0,21,0,2,0,9,0,0,0,1,0,4,0,0,0,1,0,0,0,0,0,2,0,0,6,14,,,0,3,1,3,3,3,0,0,0,28,0,4,12,27,0,1,63,13,0,10
19/10/2020,97075,632,532,100,46665,50410,16048,81027,0,82393,6627,7969,86,0,100,37.8,168295,795,1204,10,458,746,9,100,69.7,402,800,2,551,46,337,38,214,8,1,91,59,59580,531,28563,31017,51054,3375,5080,71,37.2,0,100,282256,1488,2267,82,82,76,36291,91,17644,18647,30937,2452,2887,15,0,37.7,99,1.24,61.38,37.38,,15,70,,,54,52,47,29,2,4,13,8,0,8,0,7,0,6,0,22,0,3,0,11,0,0,0,1,0,5,0,0,0,1,0,0,0,0,0,2,0,0,5,11,,,0,3,1,3,3,2,0,0,0,33,0,5,13,25,0,1,61,15,0,10
20/10/2020,97922,847,532,315,47071,50851,16127,81795,0,83076,6690,8070,86,0,100,37.8,169216,921,1222,18,465,757,9,100,69.7,409,811,2,542,46,327,39,215,7,1,91,60,60109,529,28816,31293,51539,3395,5104,71,37.2,0,100,283867,1611,228,82,82,76,36591,300,17790,18801,31128,2484,2964,15,0,37.7,99,1.25,61.38,37.37,,18,67,,,50,44,41,35,3,5,12,8,0,7,0,4,0,7,0,20,0,2,0,9,0,0,0,1,0,3,0,2,0,0,0,0,0,2,0,3,0,0,6,11,,,0,3,1,3,3,2,0,0,0,33,0,5,13,29,0,1,68,11,0,10
21/10/2020,99425,1503,1174,329,47811,51614,16285,83140,0,84349,6782,8206,88,0,100,37.8,171106,1890,1236,14,473,763,9,100,69.7,417,817,2,531,46,325,36,206,10,1,91,60,60738,629,29120,31618,52092,3420,5155,71,37.2,0,100,287168,3301,229,82,82,77,37451,860,18218,19233,31840,2545,3049,17,0,37.7,99,1.24,61.09,37.67,,17,64,,,45,43,40,40,3,4,12,4,0,5,0,4,0,8,0,25,0,2,0,13,0,0,0,1,0,4,0,0,0,0,0,0,0,0,0,2,0,0,5,13,,,0,3,1,4,3,2,0,0,0,27,0,6,13,26,0,1,67,14,0,10
22/10/2020,100616,1191,867,324,48437,52179,16394,84222,0,85338,6882,8308,88,0,100,37.8,172899,1793,1251,15,477,774,9,100,69.7,423,826,2,513,48,316,39,197,9,1,91,60,61162,424,29330,31832,52465,3445,5181,71,37.2,0,100,290035,2867,230,82,82,77,38203,752,18630,19573,32450,2611,3125,17,0,37.7,99,1.24,60.79,37.97,,17,63,,,44,42,39,38,2,6,11,4,0,4,0,3,0,10,0,24,0,2,0,13,0,0,0,1,0,4,0,0,0,2,0,0,0,0,0,3,0,1,6,10,,,0,2,1,5,2,3,0,0,0,25,0,6,13,22,0,0,62,13,0,10
23/10/2020,101826,1210,897,313,49019,52807,16515,85311,0,86332,6967,8437,90,0,100,37.8,174784,1885,1265,14,482,783,9,100,69.7,426,837,2,521,56,320,44,201,11,1,93,60,61662,500,29574,32088,52906,3478,5207,71,37.2,0,100,293151,3116,231,82,82,77,38899,696,18963,19936,33000,2652,3228,19,0,37.6,99,1.24,60.56,38.20,,20,62,,,43,46,41,38,2,5,8,4,0,3,0,4,0,14,0,26,0,2,0,12,0,0,0,1,0,3,0,0,0,1,0,0,0,0,0,4,0,1,6,14,,,0,3,0,4,2,3,0,0,0,24,0,7,13,21,0,0,66,8,0,10
24/10/2020,103088,1262,1016,246,49641,53447,16632,86456,0,87410,7054,8534,90,0,100,37.8,176692,1908,1282,17,486,796,9,100,69.7,430,850,2,504,41,303,31,201,10,1,93,60,62037,375,29770,32267,53222,3506,5238,71,37.2,0,100,296363,3212,232,82,82,77,39769,870,19385,20384,33758,2698,3294,19,0,37.6,99,1.24,60.18,38.58,,20,60,,,35,50,41,38,2,4,11,5,0,3,0,4,0,13,0,24,0,1,0,10,0,0,0,1,0,3,0,0,0,1,0,0,0,1,0,3,0,0,5,15,0,0,0,1,1,3,2,3,0,0,0,23,0,7,13,19,0,0,71,0,0,11
25/10/2020,103949,861,752,109,50062,53887,16719,87230,0,88145,7116,8598,90,0,100,37.8,178246,1554,1298,16,495,803,9,100,69.8,434,862,2,508,36,302,28,206,8,1,93,60,62222,185,29861,32361,53384,3513,5254,71,37.2,0,100,299083,2720,233,82,82,77,40429,660,19706,20723,34327,2741,3342,19,0,37.6,99,1.25,59.86,38.89,,20,60,,,39,49,45,40,2,4,9,3,0,3,0,3,0,12,0,20,0,1,0,12,0,0,0,1,0,3,0,0,0,1,0,0,0,0,0,4,0,0,4,17,0,0,0,1,1,3,2,2,0,0,0,26,0,6,13,19,0,1,71,0,0,11
26/10/2020,104460,511,420,91,50327,54133,16760,87700,0,88565,7164,8639,92,0,100,37.8,178988,742,1312,14,499,813,9,100,69.8,438,872,2,512,34,306,30,206,4,1,93,59,63709,1487,30643,33066,54667,3614,5355,73,37.2,0,100,300470,1387,234,82,82,76,39439,-990,19185,20254,33460,2678,3282,19,0,37.6,100,1.26,60.99,37.76,,20,60,,,38,50,43,41,2,5,9,4,0,2,0,3,0,12,0,22,0,2,0,14,0,0,0,1,0,3,0,0,0,1,0,0,0,0,0,4,0,0,5,16,0,0,0,1,2,2,2,2,0,1,0,24,0,6,12,18,0,1,73,0,0,11
27/10/2020,105322,862,614,248,50776,54546,16837,88485,0,89314,7223,8694,91,0,100,37.8,179870,882,1329,17,509,820,9,100,69.8,443,884,2,498,52,303,43,195,9,1,93,59,64406,697,30983,33423,55297,3639,5398,72,37.2,0,100,302168,1698,235,82,82,76,39587,148,19284,20303,33574,2700,3294,19,0,37.6,100,1.26,61.15,37.59,,22,59,,,36,47,37,43,2,6,4,1,0,6,0,3,0,12,0,26,0,1,0,13,0,0,0,1,0,2,0,0,0,0,0,0,0,0,0,3,0,0,4,18,0,0,0,2,1,2,1,2,0,1,0,22,0,4,12,17,0,1,76,0,0,11
28/10/2020,106553,1231,949,282,51382,55171,16963,89590,0,90346,7313,8801,93,0,100,37.8,181546,1676,1340,11,515,825,9,100,69.8,444,894,2,477,42,289,35,188,7,1,100,59,64996,590,31246,33750,55812,3666,5444,74,37.2,0,100,305146,2978,236,82,82,76,40217,630,19621,20596,34090,2753,3355,19,0,37.6,100,1.26,61.00,37.74,,23,50,,,33,50,39,40,2,6,4,4,0,8,0,3,0,13,0,18,0,1,0,11,0,0,0,1,0,2,0,0,0,0,0,0,0,0,0,1,0,0,4,19,0,0,0,2,1,3,1,2,0,1,0,23,0,3,13,16,0,1,68,0,0,11
29/10/2020,107570,1017,748,269,51906,55664,17082,90488,0,91186,7386,8899,99,0,100,37.8,183243,1697,1357,17,522,835,9,100,69.9,447,908,2,452,21,270,14,182,7,1,87,59,65666,670,31564,34102,56371,3710,5506,79,37.2,0,100,308063,2917,237,82,82,76,40547,330,19820,20727,34368,2768,3391,20,0,37.6,100,1.26,61.04,37.69,,22,50,,,32,42,40,36,2,3,6,5,0,8,0,3,0,15,0,21,0,0,0,10,0,0,0,1,0,1,0,0,0,0,0,0,0,0,0,1,0,0,4,17,0,0,0,2,2,2,1,2,0,1,0,20,0,3,11,15,0,1,62,0,0,11
